trial,robust_score,train_score,validation_score,param_rsi_buy_min,param_rsi_buy_max,param_rsi_sell,param_relative_volume_min,param_macd_hist_min,param_require_rsi_rising,param_require_volume_rising,param_require_macd_rising,param_use_15m_confirmation,param_rsi_15m_min,param_relative_volume_15m_min,param_macd_hist_15m_min,param_required_15m_rising,param_stop_loss_pct,param_take_profit_pct,train_total_return_pct,train_max_drawdown_pct,train_number_of_trades,train_win_rate_pct,train_profit_factor,train_average_trade_return_pct,validation_total_return_pct,validation_max_drawdown_pct,validation_number_of_trades,validation_win_rate_pct,validation_profit_factor,validation_average_trade_return_pct
203,13.007421412383785,2.466192059591721,12.390873397485855,46.860584231601194,65.76150607255735,69.99718689088776,1.26450069090685,0.0,False,False,False,True,41.13932005107041,1.2192032056237156,-0.01,False,0.025,0.02,1.022838661628911,-1.0977294705564855,16,31.25,1.3536768241056112,0.06581703284022147,4.435459740100001,-0.8356690740913164,10,70.0,5.87155619419536,0.4388225264892087
324,10.51475743366815,-5.613164664806321,11.91804859986973,29.01845022833043,67.00796703848648,70.07141248947686,0.9547518718745096,0.0,False,False,True,True,41.40977004012483,0.916327683464634,0.0,False,0.005,0.04,-0.8583411833676502,-5.724683914085493,46,28.26086956521739,0.9172093465758989,-0.016310999795914983,5.980484269142994,-0.8936548863092475,23,52.17391304347826,3.8541031184958205,0.25516556678928287
3436,10.288786320634024,0.9478492456090957,10.05182400923175,29.91539698889906,66.72475082318677,73.14137789364297,1.2552768156797924,0.0,False,False,False,True,44.558903453834,1.1417158475897078,-0.01,False,0.015,0.03,1.7987285528533459,-2.877553528678989,20,25.0,1.364041735736324,0.09468425998274688,3.91446358609997,-0.8353516149732787,12,58.333333333333336,3.9299221834544746,0.32388101700107363
1227,10.271787784022555,-2.378312771501389,10.866365976897903,46.94375166211775,66.08363856800551,79.73096439249218,0.9356860888396681,0.0,False,False,True,True,41.03157638297417,1.14115694444454,-0.01,False,0.015,0.02,-0.9047985587087304,-2.902455433515061,30,26.666666666666668,0.8808144971785563,-0.027507858146246233,4.285159008159045,-1.1518956228054877,16,56.25,4.490717664830478,0.26479179001809783
935,9.826909204694005,-8.725565341978035,12.008300540188513,41.260816090476126,63.4935770456292,80.07630133576028,0.8682275339514427,0.0,False,False,True,True,43.096188013576906,0.9367485913114159,-0.01,True,0.0075,0.015,-4.3465825099683,-4.3465825099683,24,16.666666666666664,0.32060798141153773,-0.1842587492048492,4.54269340186837,-1.067514289343885,10,60.0,6.725103315797254,0.44773514805652503
1271,9.59870324923394,-5.042609457950958,10.85935561372168,45.56463618015238,66.43460220120744,74.95679593116677,1.1423543025857232,-0.01,False,False,True,True,47.77114220614163,0.7980559125055517,0.0,True,0.02,0.05,-2.2591429493999726,-3.3121275981493836,18,16.666666666666664,0.5622397705349412,-0.12440249069055054,3.3787582470000688,-1.121703924804529,11,63.63636363636363,6.742935362411615,0.30554637521830286
4264,9.370704263227978,-10.382136115336063,11.966238292061993,46.03654272261347,65.84011272859959,72.94228619768599,1.0127758612373012,0.0,False,False,True,True,41.90148579527482,0.9076405883567105,0.0,True,0.02,0.04,-4.93967897571993,-5.300355930134604,24,16.666666666666664,0.4064362931458586,-0.20865709009331893,4.177782829360055,-0.9692356298384497,10,70.0,10.625388157354259,0.4132215242671644
81,8.725993715014262,-5.732238886331844,10.159053436597222,49.205171898409674,67.19463416556488,79.92451140524597,0.9554244373901489,0.0,False,False,False,True,41.112727234583204,1.000131867324387,0.0,False,0.0075,0.01,-2.185701372339832,-4.436765715995095,39,23.076923076923077,0.7652541129755969,-0.05520949671487942,5.085400334234569,-0.7680768700472962,22,50.0,3.2091661266145155,0.22749401473625344
1278,8.358920459539602,-7.127436304572904,10.140779535682828,46.20303828046566,67.16831708980591,71.81962467569139,1.096493584568491,0.0,False,False,False,True,42.32520613043384,1.05805643864864,0.0,False,0.02,0.0075,-3.8197361189036494,-3.938402316959233,31,25.806451612903224,0.5261157855144823,-0.12433788102917631,4.391712467903508,-0.5649805770920224,18,50.0,3.516861859429565,0.24159505078994511
4036,8.08895575023418,-1.7499589788940866,8.5264454949577,48.40727602686112,62.48297827843438,68.283944280268,0.8829476842914165,0.0,False,False,False,True,41.198353664864314,0.8986125949756778,0.0,False,0.005,0.05,1.2823478360902474,-4.6608199225028235,40,32.5,1.162478725429464,0.033799112493256525,2.8330273604400213,-0.809779885507389,13,53.84615384615385,3.6658132763192244,0.21625888300802562
4135,8.062843692733328,2.518271532162844,7.433275809692617,39.29445414850634,67.0385759324553,81.46138513563999,1.4872483600068205,0.0,False,False,True,True,43.65619502378995,1.24213674909178,0.0,False,0.02,0.02,1.2420656824352339,-1.2242321623855856,15,26.666666666666668,1.4154418129175057,0.08536247676775337,2.7153485312390035,-0.8359732136825282,11,54.54545454545454,3.0413231364317883,0.24659659020623434
4350,7.736172774414868,-0.475540659604974,7.8550579393161115,43.88647647498799,67.02101591672469,78.09708735757783,1.5130357370308714,0.0,False,False,True,True,44.67174775068213,0.8881238957248737,-0.01,False,0.0125,0.03,0.08123497797649648,-2.157671501091596,19,21.052631578947366,1.019507404802718,0.0071690783494799725,2.913972394180009,-0.8353866270520482,11,54.54545454545454,3.189606492028048,0.2646978707106809
1044,7.7009901370131955,-1.1083315703654923,7.978073029604569,48.25314375241206,66.11366703573636,79.4299076612738,1.0853658537445496,0.0,False,True,True,True,41.89409597177654,0.9261021173852193,-0.01,False,0.015,0.025,0.40348946398025554,-3.077650590743619,19,26.31578947368421,1.079284276406728,0.02556231613074909,2.364171792140035,-0.71887485086497,11,63.63636363636363,3.4198450188789824,0.21414979814180804
4191,7.3673856728404505,-2.68201458008245,8.037889317861064,42.91573450815831,65.74645325476779,74.66565123218169,0.9125221944652568,-0.01,False,False,True,True,42.471469490353584,0.9908843895684638,0.0,False,0.02,0.04,2.465680779783974,-6.285022327237688,37,24.324324324324326,1.2347307084627994,0.07215803649523557,3.5957871852001277,-1.1532778094928364,16,43.75,3.2324662630179875,0.22350380002855716
4975,6.745743426263107,3.1157418796816443,5.974723378415136,49.429506699160726,53.30316480580866,73.31092628293513,0.8948709597770326,-0.01,True,False,True,False,45.22097749865346,1.0467042536620408,-0.01,True,0.0075,0.01,2.859958325954981,-2.3502532212652194,38,36.84210526315789,1.3845053166966865,0.07585647184851832,2.820381215592782,-1.2785755609727834,18,50.0,2.381707742692222,0.15597094898045258
3395,6.47023096357319,4.811251569001303,5.567236402547,46.46636280871984,61.96399358362708,65.59353465003403,1.6444121200885748,-0.01,True,False,False,False,46.7626798585518,1.3277410641769625,0.0,False,0.005,0.025,3.2782822260766675,-1.5661736083330213,27,44.44444444444444,1.5545316429680165,0.12209509429930483,1.7791905699559907,-1.089656118093696,10,70.0,2.433410653472086,0.1779746843049046
4860,6.218418362336452,0.17997301647957453,6.173425108216558,25.9897818897287,67.6808343945644,77.46337173974226,1.4082774197835355,0.0,False,False,True,True,49.6983639395566,1.1670534045606162,0.0,False,0.0125,0.025,0.1413876904485356,-1.7073491170806365,13,23.076923076923077,1.0541555072289153,0.013634921716625222,2.120926571371262,-0.7532824909999958,10,50.0,2.5960677670635275,0.21359855760150315
1338,6.146095708953524,-14.45508577463147,9.759867152611392,47.18560403606286,65.95987427027146,72.61109064226929,0.9171723790638395,-0.01,False,False,False,True,43.54019080962718,0.9463631737068858,0.0,True,0.005,0.015,-6.642091972420461,-6.642091972420461,25,8.0,0.0530807755430446,-0.2746628087581939,2.8915290183284315,-0.9707882716509131,12,58.333333333333336,4.530104538119957,0.23931730166668885
4310,6.082909252280678,-4.560492694180481,7.2230324258257985,35.936337046764606,63.54076848535254,70.69241606817171,1.6273873417834759,0.0,False,False,True,False,49.87699566165334,0.7638404777603279,0.0,False,0.01,0.0075,-1.0254947239431322,-5.068731741718624,47,46.808510638297875,0.9298309960966489,-0.019719705038485587,4.038902141450662,-1.4044726293770182,14,64.28571428571429,2.3426711902547495,0.287493855484897
4375,5.73635585815661,-2.632074279405174,6.394374428007904,49.893757583840625,53.16263732332897,68.30631265712002,1.068858660612938,0.0,False,False,True,False,46.346373249818484,1.330626615516104,0.0,True,0.0125,0.01,-1.085959271807324,-2.948110174948415,23,34.78260869565217,0.8089136914497507,-0.04633593201643239,1.8869850303217195,-0.5229932000242576,10,50.0,2.7074205984776714,0.18837365596377498
4891,5.627748553479119,-0.9164248847088028,5.85685477465632,43.35332627527934,65.00521287771622,75.2948949208761,1.7131121150153557,-0.01,True,False,False,False,45.793192748443985,1.0814449917093398,0.0,False,0.005,0.0075,-0.5963369862826196,-2.2788080398062682,31,41.935483870967744,0.9198083159415313,-0.018041197929837934,2.297770175996172,-0.8145017023607704,12,58.333333333333336,2.193696706629629,0.19108711700147143
473,5.503858717634801,0.6698076008650224,5.336406817418545,49.43809070542008,66.04389501351179,70.17883207216214,1.687031360499379,-0.01,False,False,True,False,43.60338756237031,1.2960005028379746,0.0,False,0.0125,0.015,1.3757248330785732,-2.8829792410776323,29,41.37931034482759,1.1868137414912918,0.049712756953418175,3.3085810468006738,-2.1787690007049276,14,64.28571428571429,2.2170484905231636,0.23694170831723743
366,5.24500123706267,2.8259521854210097,4.567208453521243,49.83530023886348,57.41263829615318,66.89605615992855,1.105169709004806,0.0,True,False,True,False,51.247972743504555,1.178001153800203,-0.01,True,0.005,0.0075,2.572213211813623,-2.3528204845360556,48,39.58333333333333,1.2820652750738595,0.05409553970978434,2.428736897744499,-1.2183373980498624,23,43.47826086956522,1.7078853906318443,0.10552456731266721
726,5.1880134845485255,-5.687401603833865,6.609863885506992,39.20516428189785,67.68558011462794,79.44526648601394,0.921760297394757,0.0,False,False,True,True,44.65284352821449,0.7672070522940438,-0.01,False,0.01,0.025,-1.4039738688395031,-5.437889533441609,62,27.419354838709676,0.8970313900223044,-0.020735249269984803,4.581743058778254,-2.0419008565524144,32,40.625,2.298664598279504,0.14199985520708325
1752,5.0920009063256355,-3.70715355152144,6.0187892942059955,35.999457291535876,65.3419122168166,73.22435625880226,1.590263573137345,-0.01,False,False,False,False,44.898161063825505,0.9553863427279983,0.0,False,0.005,0.025,-0.05774982651886029,-5.090556250017175,50,36.0,0.9958610583459263,0.0015109714572376642,3.272690340178408,-1.0584600215699846,20,50.0,1.9127826539933785,0.16370271004274073
